{
  "items": [

  ],
  "users": [

  ],
  "questions": [

  ],
  "answers": [

  ],
  "cards": [

  ],
  "paymentTypes": [
    {
      "name": "Electronic Payments",
      "providers": [
        {
          "name": "paypal"
        },
        {
          "name": "skrill"
        },
        {
          "name": "payoneer"
        }
      ],
      "icon": "las la-credit-card",
      "formPath": "electronic-payment"
    },
    {
      "name": "Bank Transfer",
      "providers": [
        {
          "name": "any bank"
        }
      ],
      "icon": "las la-university",
      "formPath": "bank-transfer"
    },
    {
      "name": "Transfer to my account",
      "providers": [
        {
          "name": "visa"
        },
        {
          "name": "mastercard"
        }
      ],
      "icon": "las la-exchange-alt",
      "formPath": "internal-transfer"
    }
  ],
  "deposits": [

  ],
  "loans": [

  ],
  "charts": [
    {
      "id": 1,
      "name": "Cards balance",
      "data": [
        78000,
        91000,
        78000,
        52000,
        72800,
        104000,
        124800
      ]
    },
    {
      "id": 2,
      "name": "Deposit (3% Rate)",
      "data": [
        35250,
        38070,
        39480,
        40890,
        38070,
        49350,
        56400
      ]
    },
    {
      "id": 3,
      "name": "Pending credit",
      "data": [
        41300,
        28910,
        16520,
        28910,
        24800,
        30300,
        41345
      ]
    }
  ],
  "cardCharts": [

  ],
  "depositCharts": [

  ],
  "loanCharts": [

  ],
  "invoices": [

  ],
  "transactions": [

  ],
  "cardTypes": [
    {
      "id": 1,
      "value": 88215,
      "type": "debitCard"
    },
    {
      "id": 2,
      "value": 57568,
      "type": "creditCard"
    },
    {
      "id": 3,
      "value": 23002,
      "type": "cash"
    },
    {
      "id": 4,
      "value": 88.215,
      "type": "debitCard"
    }
  ]
}